{"_step":0,"_wandb":{"runtime":1425},"reward":[0,-10,-10,-10,-10,-10,-10,-10,-10,0,0,-10,-10,-10,0,-10,-10,-10,-10,-10,-10,-10,-10,-10,-10,-10,0,0,0,-10,5.007251502320287e-09,0,2.676158922828957e-14,7.412596403355565e-08,1.2195744514465332,2.716227633439705e-12,0,0,0,0.1222238838672638,0.017823077738285065,0.8362268805503845,1.3484495866578072e-06,0,2.8113207317659317e-09,0.05836113542318344,0.05744417384266853,0,0.008377422578632832,5.984635009781414e-08,0.16995765268802643,8.279288294943399e-07,2.428711241009296e-07,2.2309107686191432e-11,-8.65451717376709,0.18153949081897736,0.014412662014365196,0,2.9042717883398517e-11,-9.307424545288086,-10,0.4880150556564331,0.49363571405410767,0,-10,0,0,0,-10,0,0,-10,-10,0,0,-10,-10,-10,-10,0,-10,-10,-10,-10,-10,0,0,0,0,0,-10,-10,0,0,6.733479551712662e-08,0,0,-10,0,-10],"_timestamp":1.7501094043520355e+09,"_runtime":1425.998019746}