{"reward":[-10],"_timestamp":1.7500952552714646e+09,"_runtime":6.983622014,"_step":0,"_wandb":{"runtime":6}}