{"reward":[0,-10,-10,-10,-10,0,-10,-10,0,0,0,-10,-10,-9.069207191467285,0,-10,-10,0,-10,0,3.6123084775144254e-13,-9.765645027160645,-9.973630905151367,3.3763370513916016,-9.800069808959961,-10,4.692986488342285,-10,-4.754206657409668,-5.729154586791992,-5.380478858947754,4.1656880378723145,-7.949095726013184,-8.134544372558594,-9.917387008666992,-9.77452278137207,-9.937990188598633,-10,-10,-9.999999046325684,-10,-10,-10,-10,-10,-10,-10,-10,-10,-10,-10,-10,0,0,0,0,-10,-10,0,-10,-10,-10,-10,0,0,0,0,-10,-10,-10,0,-10,-10,-10,0,0,-10,0,0,0,0,0,-10,-10,0,0,0,-10,-10,-10,-10,0,0,-10,-10,0,-10,-9.362383842468262,-9.824475288391113,-8.078071594238281],"_timestamp":1.750104587837859e+09,"_wandb":{"runtime":1015},"_runtime":1015.852362674,"_step":0}