{"_wandb":{"runtime":21},"reward":[0],"_timestamp":1.7500952432313175e+09,"_runtime":21.952844832,"_step":0}