{"_runtime":1272.528503792,"_wandb":{"runtime":1272},"_step":0,"reward":[-10,-10,-10,-10,9.431852276975405e-08,0.5185918211936951,1.4672586917877197,2.0092709064483643,1.5777019262313843,2.274362325668335,2.061504602432251,5.197242736816406,6.092785835266113,4.4481520652771,4.498688697814941,3.5640451908111572,3.729767322540283,4.608938217163086,6.974510192871094,3.098996639251709,1.6901817321777344,3.33901309967041,0.2591986060142517,1.3635021448135376,-10,0.8655149936676025,2.366851329803467,-7.251013278961182,5.250215530395508,1.196230411529541,4.815608978271484,8.014864921569824,5.2690324783325195,10.260324478149414,11.605061531066895,6.3413190841674805,-5.578259468078613,6.516823768615723,11.387419700622559,-6.651388168334961,10.248181343078613,-4.029806137084961,-2.4997730255126953,-2.603602409362793,7.052763938903809,10.599936485290527,0.8779492378234863,-10,11.80566692352295,8.178783416748047,3.434298038482666,0.36620044708251953,0.17373886704444885,0,0,0,-10,-10,0,-10,0,0,0,0,0,-10,0,-10,8.94514730001978e-20,-10,-10,-10,-10,-10,-10,-10,-10,-10,-10,-10,-10,-10,-10,-10,-10,-10,-10,-10,-10,-10,-10,-10,-10,-10,-10,-10,-10,-10,-10,-10],"_timestamp":1.7501204468571215e+09}