{"_wandb":{"runtime":1399},"reward":[0,-10,0,-10,-10,0,-10,-10,-10,0,-10,-10,-10,0,0,-10,-10,-10,0.0025704847648739815,1.9585531949996948,5.114373207092285,4.431827545166016,6.884523391723633,10.949053764343262,8.752174377441406,10.135293960571289,9.280640602111816,10.574018478393555,11.01661491394043,11.702691078186035,11.116729736328125,11.661473274230957,11.684115409851074,11.721137046813965,11.30451774597168,12.233967781066895,12.196352005004883,11.89229965209961,12.73083209991455,10.542388916015625,13.556184768676758,13.191864967346191,12.053024291992188,13.418235778808594,13.283145904541016,11.612398147583008,12.42047119140625,12.641826629638672,11.394834518432617,12.817587852478027,12.400739669799805,12.588300704956055,12.235612869262695,11.244455337524414,12.254280090332031,11.914756774902344,12.582891464233398,12.28375244140625,11.817337989807129,12.199296951293945,13.3687162399292,11.708298683166504,13.078729629516602,12.8458833694458,11.881446838378906,12.213205337524414,11.912752151489258,11.706499099731445,12.548833847045898,11.856786727905273,10.834627151489258,12.954690933227539,12.39149284362793,11.490354537963867,11.129522323608398,11.14822006225586,11.383028984069824,9.765093803405762,11.140796661376953,10.782313346862793,10.700369834899902,11.022378921508789,11.879814147949219,10.025125503540039,11.154024124145508,11.622255325317383,11.946794509887695,9.93621826171875,10.642433166503906,11.175477981567383,11.453683853149414,10.403715133666992,10.947453498840332,9.115890502929688,11.552458763122559,10.706501007080078,10.616231918334961,10.788771629333496,9.874129295349121,10.865373611450195],"_timestamp":1.7501218556327245e+09,"_runtime":1399.956555793,"_step":0}