{"reward":[0.2521052360534668,0.055210839956998825,0.5662323236465454,0.4790838658809662,0.3497123718261719,0.3551160395145416,0.40156108140945435,1.9688925743103027,1.884189248085022,3.4778919219970703,3.083249092102051,2.7232165336608887,2.4681127071380615,3.2676360607147217,1.5601695775985718,4.690753936767578,3.0256752967834473,4.40216588973999,4.737951278686523,6.654662132263184,5.843173027038574,5.657201766967773,6.285256385803223,8.175116539001465,8.568920135498047,9.366247177124023,7.80571174621582,7.571824073791504,7.741863250732422,9.481307983398438,8.808085441589355,9.653873443603516,9.746194839477539,9.426298141479492,9.986650466918945,7.774262428283691,10.286096572875977,10.691413879394531,11.55105209350586,11.653264999389648,9.993900299072266,10.853164672851562,10.793342590332031,10.514183044433594,10.596846580505371,9.614137649536133,9.15129280090332,9.477083206176758,10.0724458694458,9.644794464111328,10.544167518615723,10.253989219665527,11.992308616638184,12.366708755493164,13.209735870361328,12.251447677612305,12.789220809936523,12.405128479003906,12.120682716369629,12.792447090148926,12.739278793334961,12.279851913452148,11.995264053344727,12.274208068847656,11.386366844177246,12.447592735290527,12.741504669189453,12.496923446655273,11.445968627929688,13.071447372436523,12.480162620544434,12.646673202514648,12.63050365447998,12.730196952819824,11.996341705322266,12.080333709716797,12.337838172912598,12.538763046264648,13.401920318603516,12.492600440979004,12.475131034851074,12.604629516601562,12.08759880065918,12.746121406555176,13.475692749023438,12.716055870056152,12.212991714477539,11.819906234741211,12.319872856140137,11.988929748535156,12.373241424560547,12.335395812988281,13.362994194030762,12.116324424743652,11.89613151550293,12.380431175231934,11.988666534423828,11.912538528442383,12.691994667053223,12.596759796142578],"_timestamp":1.7501001935471847e+09,"_runtime":1632.795222633,"_step":0,"_wandb":{"runtime":1632}}