{"_wandb":{"runtime":1915},"reward":[0,-10,-10,-10,-10,0,0,0,0,0,0,0.00022439865279011428,0,0.176653653383255,0.002086831023916602,0.03289688378572464,-9.742881774902344,0.7056381702423096,3.3367331297995406e-07,0.0029110705945640802,0.005934057757258415,0.0009760448010638356,0,-10,0,8.949637049227022e-06,1.047117530106334e-05,0.06849415600299835,0,1.9655153901481336e-15,0.6547898054122925,0.009295705705881119,0.0006333178607746959,0.3096846342086792,0.7656548619270325,-9.83464527130127,0.19041429460048676,-9.958166122436523,0.050280772149562836,0.5471752882003784,0.7654186487197876,1.3687041997909546,1.6779857873916626,1.4834718704223633,1.0893323421478271,3.4527745246887207,4.144325256347656,4.034300804138184,3.4022722244262695,7.115834712982178,4.850193977355957,3.3501484394073486,3.3595337867736816,5.437602519989014,4.419674396514893,3.4569509029388428,3.4835205078125,3.294703483581543,4.934112548828125,3.5260324478149414,3.1498794555664062,6.552104473114014,6.775958061218262,5.6387038230896,6.767491340637207,7.172950267791748,10.912193298339844,8.414876937866211,7.17879581451416,8.648853302001953,9.835790634155273,11.078832626342773,11.472103118896484,10.154091835021973,10.615069389343262,10.356454849243164,9.998302459716797,10.140656471252441,9.310534477233887,9.11843490600586,8.587624549865723,10.595782279968262,10.409486770629883,9.554682731628418,10.419032096862793,12.062898635864258,12.897653579711914,12.717529296875,11.772726058959961,11.299854278564453,10.373817443847656,11.521092414855957,12.31788158416748,11.606249809265137,10.797192573547363,11.429393768310547,9.772727966308594,8.700664520263672,10.860942840576172,-3.5930089950561523],"_timestamp":1.7501116917515411e+09,"_runtime":1915.932936551,"_step":0}