{"_runtime":1830.47035624,"_step":0,"_wandb":{"runtime":1830},"reward":[0,-10,-10,-10,-10,-10,-10,0,0,0,-10,0,0,-10,-10,-10,-10,-10,-10,-10,-10,-10,0,8.516338133833512e-13,-10,0.004300175234675407,0.21048879623413086,1.32154381275177,-10,0.01614576019346714,1.8021608591079712,1.0057591199874878,1.9035553932189941,1.2799878120422363,2.2775256633758545,2.4040536880493164,1.1018071174621582,1.042999505996704,0.5707626342773438,0.3034403920173645,1.4007036685943604,0.850058376789093,1.065942645072937,1.182703971862793,0.4896732270717621,0.4314926266670227,0.6750937104225159,0.7672515511512756,0.4552375376224518,2.1860909461975098,0.29848960041999817,2.7898976802825928,0.7714026570320129,1.0142154693603516,0.3148866593837738,0.5321266055107117,0.6138991117477417,0.25684744119644165,1.4119571447372437,1.250295639038086,2.4259331226348877,0.77120041847229,0.9481117129325867,0.7078502178192139,0.3183755576610565,0.6827684044837952,2.806623697280884,0.6224082708358765,1.2992525100708008,1.3041911125183105,0.564021646976471,1.509894847869873,2.9355907440185547,1.8974823951721191,1.0068002939224243,2.343740701675415,1.1007429361343384,1.0928856134414673,2.045215368270874,0.6614972352981567,0.45277824997901917,0.7949458956718445,1.5841991901397705,2.2671737670898438,2.5855250358581543,2.7991445064544678,0.3034724295139313,2.2904224395751953,0.5726140737533569,1.7606056928634644,2.8885855674743652,1.0232733488082886,1.1351828575134277,1.567840814590454,5.397477149963379,2.1990461349487305,2.9010915756225586,3.032486915588379,4.160715103149414,1.2041001319885254],"_timestamp":1.750119165465439e+09}