{"_timestamp":1.7501136222845347e+09,"_runtime":1924.697677441,"_step":0,"_wandb":{"runtime":1924},"reward":[-10,0,-10,7.752684116363525,11.282342910766602,12.930216789245605,-4.256503105163574,14.095596313476562,12.72072696685791,12.28158187866211,12.158570289611816,12.01915168762207,12.44406509399414,12.29867935180664,11.027082443237305,11.11605167388916,5.461822032928467,3.4783804416656494,3.23826003074646,3.694265604019165,5.269063949584961,1.3006529808044434,0,-10,2.696293592453003,1.8437817096710205,4.736690998077393,4.390571117401123,4.782962799072266,5.418818950653076,9.94930362701416,4.211757659912109,6.509838581085205,6.800946235656738,6.019286155700684,6.065001010894775,4.9577131271362305,4.735307693481445,1.8608882427215576,2.357276526754326e-11,0,5.132502555847168,0.5420688390731812,2.3574352780997287e-06,3.2032840251922607,0,0,0,0.4443669617176056,0,0,-8.586663246154785,1.1574463844299316,0.2800535559654236,0.6719592809677124,0,-10,0.8198738694190979,0.8905657529830933,0,3.0999900400792546e-17,0.38524970412254333,0.10820786654949188,0,0.004794612526893616,1.9396929928916506e-05,0.0061798435635864735,1.0298187732696533,0,0.7018183469772339,0,0.34978967905044556,0.06180442497134209,1.651923656463623,0.2563978135585785,0.06773196160793304,0.027256613597273827,3.0887611501384526e-05,0.11066992580890656,0.8711687326431274,2.2001118793468777e-07,0.39050209522247314,0,0.46987998485565186,0,0,1.4379172169175205e-18,3.251415989780071e-07,0.7758680582046509,0.14655181765556335,3.901623131241649e-06,1.0085592805353372e-07,0,0.6061596870422363,5.497000756804482e-07,0.12540340423583984,0.7714838981628418,0.12633085250854492,1.0830988685484044e-05,1.6883818432233966e-07]}