{"reward":[-10,-10,-10,-10,0,-10,-10,-10,-10,-10,-10,0,-10,0,0,0,-10,-10,0,0,-10,0,0,-10,-10,-10,-10,-10,-10,0,-10,-10,-10,-10,-10,0,0,0,-10,-10,-10,0,-10,-10,-10,0,-10,0,0,-10,0,0,-10,0,0,0,0,0,0,0,0,0,0,0,0,0,0,0,0,0,0,0,0,0,0,0,0,0.00010568247671471909,0,0,0,0,0,0,0,2.932518228249137e-08,1.3472062221353553e-07,4.762244820710748e-09,0,6.426004442916435e-15,1.5996971569620655e-07,2.235356566515634e-09,0,0,0,0,0,0,-10,-10],"_wandb":{"runtime":1565},"_timestamp":1.7501035653647444e+09,"_runtime":1565.331432186,"_step":0}