{"reward":[0.7535819411277771,0,0,-10,-10,-10,-10,0,0.04786907136440277,0.0012381932465359569,0.000740621704608202,1.4124564629014458e-08,5.921589945501182e-06,7.591664541450882e-08,0.00015854620141908526,0.027286799624562263,0.19538167119026184,0.389370858669281,0.006017576903104782,1.2728280296414596e-07,0.3278471529483795,0.34625813364982605,0.09903129935264587,0.27889201045036316,0.5660585165023804,1.2467889785766602,0.4207878112792969,1.2460575103759766,0.685268223285675,0.34588998556137085,0.41652703285217285,0.28416907787323,1.6097862720489502,0.6217138767242432,1.4734808206558228,0.8405654430389404,0.756115198135376,2.2308859825134277,1.2701150178909302,2.092912197113037,2.3539669513702393,3.927427291870117,3.340648651123047,0.8919862508773804,2.20634126663208,2.3034515380859375,3.6296520233154297,3.6942298412323,1.6785948276519775,4.5014448165893555,3.865575075149536,3.94260835647583,4.065663814544678,3.6266331672668457,3.4452123641967773,3.7554421424865723,3.9401276111602783,1.8970041275024414,3.553942918777466,2.6631181240081787,1.4659403562545776,5.2303667068481445,4.786570072174072,3.158533811569214,3.2888965606689453,4.991123199462891,6.289822578430176,5.269726753234863,5.447637557983398,7.7274932861328125,3.91005802154541,5.234749794006348,4.189499855041504,5.928100109100342,7.819012641906738,5.648258209228516,5.689848899841309,7.380564212799072,9.971369743347168,5.225081443786621,7.310749053955078,6.88156270980835,8.768585205078125,9.69968032836914,10.605716705322266,10.13749885559082,5.801607131958008,10.288576126098633,10.187369346618652,7.785577774047852,9.903207778930664,7.785347938537598,9.836908340454102,8.170654296875,9.615954399108887,8.84799861907959,9.578948020935059,9.49731731414795,8.414024353027344,9.000646591186523],"_timestamp":1.750116464805955e+09,"_runtime":2030.432916898,"_step":0,"_wandb":{"runtime":2030}}