{"_runtime":850.2818553,"_step":0,"_wandb":{"runtime":850},"reward":[-10,-10,10.783432006835938,4.447096347808838,2.387808322906494,0.7414442300796509,-9.981919288635254,-9.351482391357422,-10,-10,-10,-10,-10,-9.998200416564941,-10,-10,-10,-10,-10,-10,-10,-10,-10,-10,-10,-10,-10,-9.99999713897705,-10,-10,-10,-10,-10,-10,-10,-10,-10,-10,-10,-10,-10,-10,-10,-10,-10,-10,-6.304867744445801,-9.974963188171387,-10,4.161370277404785,-3.6702957153320312,10.671029090881348,-3.274151086807251,12.891448974609375,-9.832053184509277,-9.023996353149414,-10,-8.934263229370117,-10,-7.049718856811523,-9.226045608520508,-10,-10,-9.99860668182373,-10,-9.214441299438477,-6.806856632232666,11.351787567138672,5.185476303100586,-1.461805820465088,9.988073348999023,9.730400085449219,11.060145378112793,11.067160606384277,12.795720100402832,-8.482099533081055,8.160908699035645,12.069524765014648,-2.602874279022217,12.10166072845459,0.19406461715698242,10.165803909301758,10.897812843322754,12.799924850463867,11.311019897460938,11.106407165527344,-2.4956936836242676,10.311762809753418,12.212333679199219,-5.2431321144104,11.134522438049316,12.997173309326172,10.789180755615234,8.9191255569458,9.8228120803833,10.820503234863281,11.259056091308594,11.090356826782227,-4.176203727722168,12.548937797546387],"_timestamp":1.750117321205812e+09}