{"_wandb":{"runtime":930},"reward":[-10,-10,7.245984306791797e-06,0.5390852689743042,2.2580293546070607e-07,0,0,1.2742632627487183,1.9655295610427856,1.4021600484848022,2.022871971130371,3.1144676208496094,1.4297864437103271,2.2857043743133545,3.5011157989501953,6.834862232208252,-6.380640029907227,2.271761178970337,-9.34334945678711,-9.379968643188477,-9.997735977172852,-10,-9.999979019165039,-10,-10,0,-10,-10,0,-10,-10,-10,0,-10,-10,-10,-10,-10,-10,-10,0,0,-10,0,-10,0,-10,-10,-10,-10,-10,0,-10,-10,0,-10,-10,-10,0,0,-10,-10,-10,-10,-10,-10,0,-10,-10,-10,-10,-10,0,0,0,-10,-10,0,0,0,-10,0,-10,-10,-10,-10,-10,-10,-10,0,-10,-10,-10,0,-10,0,-10,-10,0,-10],"_timestamp":1.750107970524214e+09,"_runtime":930.442603807,"_step":0}