{"reward":[-10,0.15152746438980103,1.1997809410095215,4.863232612609863,11.03332805633545,11.922776222229004,8.738078117370605,8.071911811828613,7.331689357757568,3.171931505203247,1.223750114440918,0.06272564083337784,2.6564412110019475e-05,-10,0.5439213514328003,3.5911993980407715,3.536039352416992,7.151593208312988,10.171041488647461,5.786576271057129,9.579879760742188,10.235649108886719,10.852246284484863,12.037784576416016,11.921730995178223,11.582906723022461,12.974027633666992,11.763046264648438,11.492635726928711,12.288765907287598,12.289533615112305,11.018576622009277,10.471610069274902,8.410391807556152,6.802381992340088,6.52746057510376,4.043778419494629,-9.277912139892578,-5.148132801055908,4.547117233276367,-4.446379661560059,-9.69615364074707,-9.900891304016113,-9.917387008666992,-9.927530288696289,-9.538056373596191,-10,-9.877032279968262,-9.749605178833008,-8.631994247436523,-4.4249444007873535,-9.887786865234375,10.880233764648438,6.378029823303223,-9.644355773925781,-4.176817417144775,9.519852638244629,10.651137351989746,-10,11.448650360107422,12.708808898925781,10.721999168395996,-8.251837730407715,11.547260284423828,12.27523422241211,-3.6276979446411133,-10,10.270639419555664,-8.034140586853027,-9.718849182128906,-10,9.507246017456055,-9.014154434204102,-10,-10,-8.917468070983887,-9.373245239257812,-10,-9.874358177185059,-10,-10,-8.371565818786621,-10,-10,-9.99970531463623,-10,-9.992972373962402,-10,-9.02669620513916,-10,-9.958317756652832,-10,-9.346084594726562,-10,-10,-9.912315368652344,-8.639885902404785,-9.928820610046387,-9.86213207244873,-10],"_timestamp":1.7500966500416539e+09,"_runtime":1140.705195559,"_step":0,"_wandb":{"runtime":1140}}