{"_wandb":{"runtime":1030},"reward":[-10,-10,0,0.5574771761894226,-9.882378578186035,1.7251225709915161,1.1757373809814453,1.5296745300292969,1.146401047706604,-10,0.8940847516059875,2.00622296333313,3.676347255706787,3.377307415008545,5.0917205810546875,2.443432569503784,3.3692572116851807,2.902463912963867,-7.449460029602051,3.4589924812316895,3.027228355407715,2.687126874923706,1.667075276374817,1.5884534120559692,1.1657633781433105,1.9842534065246582,2.371061086654663,-9.295884132385254,-9.999354362487793,-9.699719429016113,1.578033208847046,-9.600838661193848,-8.71003532409668,1.8643722534179688,-9.852411270141602,-10,-9.024599075317383,4.5949015617370605,-9.887107849121094,-8.35172176361084,-6.8947858810424805,-5.651877403259277,10.086463928222656,-5.898478031158447,-9.181805610656738,-9.107871055603027,-8.652694702148438,-5.887136459350586,-10,-9.76154613494873,-6.809074401855469,-3.569321632385254,-10,-5.2755913734436035,-10,-6.302116870880127,-7.472051620483398,-8.127914428710938,-1.7380247116088867,-10,-10,11.251298904418945,-10,-6.0577168464660645,-2.4465436935424805,-8.046916961669922,-9.658967018127441,-8.62546157836914,-6.064198970794678,-8.453821182250977,-8.64384937286377,-8.064295768737793,-10,-6.6556572914123535,-1.7289681434631348,-5.874202728271484,11.761661529541016,-8.863492965698242,-6.8447065353393555,-9.803571701049805,-6.482994079589844,-8.072694778442383,9.893242835998535,-10,-6.139763355255127,-6.985811710357666,10.552654266357422,-9.025124549865723,-9.214887619018555,-8.06230354309082,-5.9083991050720215,-10,-7.834898948669434,-9.700920104980469,-10,-7.866955757141113,-8.423188209533691,-8.167154312133789,-9.452863693237305,-10],"_timestamp":1.7501070334702494e+09,"_runtime":1030.124700711,"_step":0}