{"_timestamp":1.7500953432691355e+09,"_runtime":21.84163503,"_step":0,"_wandb":{"runtime":21},"reward":[0]}