{"_wandb":{"runtime":21},"reward":[0.32260167598724365],"_timestamp":1.7500953172264633e+09,"_runtime":21.501004417,"_step":0}