{"_timestamp":1.7500985551195087e+09,"_runtime":1900.441896492,"_step":0,"_wandb":{"runtime":1900},"reward":[-10,-10,-9.80029296875,0.011151379905641079,0,0,1.6201487220770727e-24,1.4287915229797363,1.1583123207092285,-9.238847732543945,2.072566270828247,2.5978751182556152,2.2360470294952393,2.475123882293701,4.559919357299805,4.07580041885376,4.1716485023498535,3.4028232097625732,3.7221899032592773,3.310453414916992,4.172776699066162,4.992227077484131,1.2048779726028442,4.657036781311035,7.798929691314697,6.895703315734863,5.546078205108643,5.536282062530518,7.008968830108643,7.711774826049805,7.019659996032715,8.053765296936035,6.842759132385254,8.664669036865234,5.567621231079102,7.549834251403809,8.535015106201172,10.075628280639648,10.73681640625,7.245442867279053,7.951122283935547,10.472482681274414,11.954416275024414,10.936532974243164,11.792840957641602,11.761594772338867,10.907745361328125,10.782197952270508,10.902366638183594,11.313369750976562,9.56312084197998,8.471325874328613,11.300331115722656,10.85562801361084,9.988655090332031,11.172581672668457,9.722538948059082,11.296628952026367,11.18858528137207,10.765338897705078,11.560976028442383,10.488455772399902,9.469718933105469,10.026365280151367,10.479317665100098,9.477395057678223,10.246949195861816,10.800103187561035,7.9025068283081055,11.672807693481445,10.597089767456055,9.95844841003418,11.088982582092285,9.482206344604492,9.334831237792969,9.472878456115723,8.450881004333496,9.526803970336914,10.587696075439453,9.884233474731445,10.083549499511719,8.72078800201416,8.532201766967773,10.046332359313965,9.445490837097168,6.328490257263184,9.563857078552246,10.020968437194824,9.62929630279541,8.540803909301758,6.202868938446045,8.12051010131836,5.86292028427124,9.614392280578613,9.966492652893066,10.035974502563477,9.894783020019531,7.8838348388671875,9.926752090454102,7.748027801513672]}