{"_timestamp":1.750105996602868e+09,"_runtime":1395.024614581,"_step":0,"reward":[0,0,0,2.460999967479862e-26,0,0,0,2.2356599239735355e-27,0,0,0,0,0,0,0,0,2.0211763374078373e-09,0,0,0,0,0,0,-10,-10,-10,0,0,-10,-10,-10,-6.732071399688721,2.073835849761963,1.7893502712249756,0.36816346645355225,-10,-10,-10,-10,-10,-9.999996185302734,-7.758146286010742,-8.60566234588623,0.8637767434120178,0.7423558235168457,1.5377771854400635,0,2.070151516875285e-08,0.7036986947059631,-10,-9.967568397521973,-3.7186684608459473,-6.792385101318359,5.653229713439941,9.945219039916992,-3.7574636936187744,-6.935360908508301,0.3277498781681061,2.651741851877887e-06,-9.99988079071045,1.2875195741653442,-10,-10,-10,-9.999988555908203,0,0.8796350955963135,-10,-7.389013290405273,2.2762928009033203,-5.604827880859375,-8.828603744506836,-10,-7.661309719085693,3.574521064758301,-8.85593032836914,-10,-9.191518783569336,-9.954843521118164,-10,-10,0.6867770552635193,0,-10,-10,-10,-8.82525634765625,1.246190071105957,-9.999863624572754,-10,1.1173734664916992,-10,-6.571483135223389,0.06284122169017792,-10,-10,-10,-9.9922513961792,-10,-10],"_wandb":{"runtime":1395}}