{"_step":0,"reward":[0.2043217271566391],"_wandb":{"runtime":21},"_timestamp":1.7500952897871335e+09,"_runtime":21.417692567}